timestamp,decision,direction,zone_type,zone_high,zone_low,entry,sl,tp1,tp2,risk_usd,rr,reason
2026-09-27T14:00:00Z,2650.35,BULLISH,BULLISH,BULLISH,Demand,2630.0-2640.0,FRESH,0,ACTIVE,WAIT FOR REACTION,NOT CONFIRMED,2640.0,2625.0,2665.0,2680.0,15.00,2.67,WAIT,"No return to demand; reaction and M5 confirmation absent; calculated risk exceeds $10; TP1 1.67R while TP2 2.67R",NO TRADE
2026-09-27T14:00:00Z,XAU/USD,DATA UNAVAILABLE,UNCLEAR,WAIT,2640.0-2630.0,2650.35,WAIT FOR REACTION,None,NOT CONFIRMED,Not authorized,2625.0,2665.0,2680.0,N/A,N/A,N/A,WAIT,Data unavailable: missing volume and insufficient candle history; no validated structure, zone, return, reaction, M5 confirmation, executable entry, risk, or R:R.
2026-09-27T14:00:00Z,XAU/USD,VALID,D1/H4/H1 bullish HH/HL; no bearish CHoCH,BUY,2634-2640,2650.35,WAIT FOR REACTION,none,NOT CONFIRMED,2637,2628,2665,2680,0.01,9,3.1R/4.8R,NO TRADE,No return to zone; reaction unresolved; M5 confirmation absent,Conditions 7/8/9/10 failed
2026-09-27T14:00:00Z,XAU/USD,VALID,BULLISH D1/H4/H1 HH/HL,BUY,DEMAND 2634-2640 fresh untested strong displacement FVG BOS level stacking dead=no,2650.35,WAIT FOR REACTION; NOT CONFIRMED,NONE,M5 NOT CONFIRMED; no confirmed CHoCH/BOS/validated reversal,2637,2628,2665,2680,0.01,$9,3.1R/4.8R,NO TRADE,Price has not returned to demand; reaction unresolved; M5 confirmation absent,"Failed: return to zone; valid reaction; M5 confirmation"
2026-09-27T14:00:00Z,XAU/USD,DATA UNAVAILABLE,UNAVAILABLE,UNAVAILABLE,UNAVAILABLE,4260-4270 provisional unusable,UNAVAILABLE,NO VALID REACTION,NO VALID ENTRY MODE,NO VALID M5 CONFIRMATION,UNAVAILABLE,UNAVAILABLE,UNAVAILABLE,UNAVAILABLE,UNAVAILABLE,5,UNAVAILABLE,DATA UNAVAILABLE,D1 insufficient candles; H1 OHLC inconsistency; current-price/latest-close conflict; provisional demand zone cannot be used; no valid return/reaction/M5 confirmation; structural SL fails; numerical risk $5 and TP R:R pass, but trade invalid,ALL BUY/SELL checklist conditions requiring valid data, structure, zone, price, reaction, entry, M5 confirmation, and valid structural SL failed; hard no-trade: DATA UNAVAILABLE, insufficient D1 candles, inconsistent H1 OHLC, current-price/latest-close conflict, unusable provisional zone, absent confirmations, structural SL failure
2026-09-27T14:00:00Z,XAUUSD,DATA UNAVAILABLE,UNAVAILABLE,UNAVAILABLE,Provisional demand 4260.0-4270.0 unusable,2650.35 conflicting with latest close 4284.35,No valid return or reaction,No valid entry,Not confirmed,4266.0,4261.0,4295.0,4310.0,0.01,5.00,TP1 5.8R; TP2 8.8R,DATA UNAVAILABLE,"Invalid/incomplete data: D1 49 candles (<50), H1 OHLC inconsistency (high 4252.5 < close 4284.35), current-price conflict, no valid zone execution, no valid return/reaction/M5 confirmation, structural SL invalid; numerical risk and reward pass"
2026-09-27T14:00:00Z,XAU/USD,DATA UNAVAILABLE,UNCLEAR / UNAVAILABLE,WAIT,4270.0-4260.0 metadata-only,2650.35,WAIT FOR REACTION,None,NOT CONFIRMED,4266.0/4261.0/4295.0/4310.0/0.01/$5.00/TP1 5.8R TP2 8.8R,DATA UNAVAILABLE,Current price 2650.35 conflicts with latest D1/H4/H1/M5 close 4284.35; analysis invalidated,NO TRADE/WAIT due to stale or inconsistent price data; unclear structure; no valid zone; no confirmed return/reaction; M5 not confirmed; structural SL invalid; entry not authorized
2026-09-27,XAU/USD,2650.35,4284.35,DATA UNAVAILABLE,NO TRADE,price consistency failed: current price 2650.35 versus D1/H4/H1/M5 close 4284.35; absolute discrepancy 1634.00; metadata demand zone 4270.0-4260.0 unvalidated; prior reaction gate WAIT FOR REACTION; M5 confirmation NOT CONFIRMED; proposed long entry 4266.0 SL 4261.0 TP1 4295.0 TP2 4310.0 lot 0.01 risk $5; structural invalidation failed because SL 4261.0 is above zone low 4260.0; timeframe completeness/candle counts/timestamps/volumes/OHLC integrity passed
2026-09-27T14:00:00Z,XAUUSD,DATA UNAVAILABLE,2650.35,4284.35,1634.00,UNAVAILABLE,UNAVAILABLE,UNVERIFIED DEMAND 4270.0-4260.0,NO VALID RETURN OR REACTION,M5 NOT CONFIRMED,NO TRADE,Entry 4264.0; SL 4258.0; TP1 4295.0; TP2 4310.0; Lot 0.01; Risk $6.00; RR 5.17:1/7.67:1,Current-price consistency failure; stale/inconsistent execution data; no reliable structure, zone, reaction, or M5 confirmation,Telegram not sent
2026-09-27T14:00:00Z,XAUUSD,DATA VALID,BULLISH/BULLISH/BULLISH,BUY,4260.0-4270.0,FRESH,0,false,true,Confirmed,false,Confirmed,Normal,4284.35,4264.0,4258.0,4295.0,4310.0,0.01,6.00,5.2,7.7,BUY,All 10 conditions passed; no hard no-trade conditions; duplicate alert suppressed for this setup timestamp
2026-09-27T14:00:00Z,XAU/USD,DATA AVAILABLE,BULLISH D1/BULLISH H4/BULLISH H1,BUY,4260.0-4270.0,4284.35,Confirmed,Normal,Confirmed,4264.0,4258.0,4295.0,4310.0,0.01,6.0,5.2:1 TP1 / 7.7:1 TP2,BUY,All 10 conditions pass; fresh valid demand, return and reaction confirmed, no falling knife, M5 confirmed, structural SL, risk <=$10, TP >=2R; duplicate-alert key 2026-09-27T14:00:00Z not previously established
2026-09-27T14:00:00Z,XAU/USD,DATA VALID,BULLISH,BULLISH,4260.0-4270.0,4284.35,BUY,4264.0,4258.0,4295.0,4310.0,0.01,6.00,5.2R/7.7R,Normal,Confirmed,Confirmed,No,Confirmed,ALL 10 CONDITIONS PASS
2026-09-27T14:00:00Z,XAUUSD,BUY,4264.00,4258.00,4295.00,4310.00,0.01,6.00,5.2,7.7,Normal,VALIDATED_DATA_CONFLICT_RESOLVED,10/10